<?xml version="1.0" encoding="UTF-8"?>
<configuration scan="true" scanPeriod="60 seconds" debug="false">
    <!--滚动策略，按照时间滚动 TimeBasedRollingPolicy-->
	<property name="log.path" value="E:\\code\\efinancial_v2\\" />
    <appender name="consoleLog" class="ch.qos.logback.core.ConsoleAppender">
        <!--展示格式 layout-->
        <layout class="ch.qos.logback.classic.PatternLayout">
            <pattern>
                <pattern>%d{yyyy-MM-dd HH:mm:ss.SSS} %-5level [%thread] %logger{36} - %msg%n</pattern>
            </pattern>
        </layout>
    </appender>

	<appender name="fileInfoLog" class="ch.qos.logback.core.rolling.RollingFileAppender">
		<File>${log.path}efinancial.log</File>
		<!--滚动策略，按照时间滚动 TimeBasedRollingPolicy-->
		<rollingPolicy class="ch.qos.logback.core.rolling.SizeAndTimeBasedRollingPolicy">
			<FileNamePattern>${log.path}/efinancial-%d{yyyy-MM-dd}.%i.log</FileNamePattern>
			<maxFileSize>500MB</maxFileSize>
			<maxHistory>365</maxHistory>
			<!--用来指定日志文件的上限大小，那么到了这个值，就会删除旧的日志-->
			<!--<totalSizeCap>1GB</totalSizeCap>-->
		</rollingPolicy>
		<!--日志输出编码格式化-->
		<encoder>
			<charset>UTF-8</charset>
			<pattern>%d{yyyy-MM-dd HH:mm:ss.SSS} %-5level [%thread] %logger{36} - %msg%n</pattern>
		</encoder>
	</appender>
	<!--指定最基础的日志输出级别-->
	<root level="info">
		<appender-ref ref="fileInfoLog"/>
        <appender-ref ref="consoleLog"/>
	</root>
</configuration>